epoch,time,train/box_loss,train/cls_loss,train/dfl_loss,metrics/precision(B),metrics/recall(B),metrics/mAP50(B),metrics/mAP50-95(B),val/box_loss,val/cls_loss,val/dfl_loss,lr/pg0,lr/pg1,lr/pg2
1,9.69979,0,90.8577,0,0,0,0,0,0,97.1759,0,0,0,0
2,17.8711,0,90.9186,0,0,0,0,0,0,97.2452,0,1.9604e-05,1.9604e-05,1.9604e-05
3,25.599,0,90.3758,0,0,0,0,0,0,97.3151,0,3.8416e-05,3.8416e-05,3.8416e-05
4,33.4129,0,89.5928,0,0,0,0,0,0,97.3853,0,5.6436e-05,5.6436e-05,5.6436e-05
5,40.8604,0,88.9568,0,0,0,0,0,0,97.4361,0,7.3664e-05,7.3664e-05,7.3664e-05
6,48.425,0,88.2341,0,0,0,0,0,0,97.4703,0,9.01e-05,9.01e-05,9.01e-05
7,56.2606,0,87.8541,0,0,0,0,0,0,97.4981,0,0.000105744,0.000105744,0.000105744
8,65.8981,0,87.4518,0,0,0,0,0,0,97.508,0,0.000120596,0.000120596,0.000120596
9,74.5115,0,86.8269,0,0,0,0,0,0,97.5169,0,0.000134656,0.000134656,0.000134656
10,81.1203,0,85.9586,0,0,0,0,0,0,97.552,0,0.000147924,0.000147924,0.000147924
11,87.846,0,85.3059,0,0,0,0,0,0,97.6272,0,0.0001604,0.0001604,0.0001604
12,95.5158,0,84.2465,0,0,0,0,0,0,97.7188,0,0.000172084,0.000172084,0.000172084
13,102.19,0,83.1964,0,0,0,0,0,0,97.8772,0,0.000182976,0.000182976,0.000182976
14,110.062,0,82.1678,0,0,0,0,0,0,98.1079,0,0.000193076,0.000193076,0.000193076
15,117.832,0,80.5692,0,0,0,0,0,0,98.3101,0,0.000202384,0.000202384,0.000202384
16,124.798,0,79.0046,0,0,0,0,0,0,98.3943,0,0.0002109,0.0002109,0.0002109
17,131.998,0,77.6509,0,0,0,0,0,0,98.7369,0,0.000218624,0.000218624,0.000218624
18,140.889,0,76.7028,0,0,0,0,0,0,98.7369,0,0.000225556,0.000225556,0.000225556
19,148.308,0,75.7303,0,0,0,0,0,0,99.1857,0,0.000231696,0.000231696,0.000231696
20,156.97,0,74.6477,0,0,0,0,0,0,99.1857,0,0.000237044,0.000237044,0.000237044
21,164.615,0,74.535,0,0,0,0,0,0,99.2502,0,0.0002416,0.0002416,0.0002416
22,171.02,0,73.589,0,0,0,0,0,0,99.2502,0,0.000245364,0.000245364,0.000245364
23,177.397,0,73.202,0,0,0,0,0,0,98.909,0,0.000248336,0.000248336,0.000248336
24,185.053,0,71.1204,0,0,0,0,0,0,98.909,0,0.000250516,0.000250516,0.000250516
25,192.81,0,71.2673,0,0,0,0,0,0,98.951,0,0.000251904,0.000251904,0.000251904
26,199.651,0,72.1447,0,0,0,0,0,0,98.951,0,0.0002525,0.0002525,0.0002525
27,207.437,0,69.4312,0,0,0,0,0,0,99.2883,0,0.000252304,0.000252304,0.000252304
28,215.091,0,69.7483,0,0,0,0,0,0,99.2883,0,0.000251316,0.000251316,0.000251316
